<?xml version="1.0" encoding="UTF-8"?>
<project-private xmlns="http://www.netbeans.org/ns/project-private/1">
    <editor-bookmarks xmlns="http://www.netbeans.org/ns/editor-bookmarks/2" lastBookmarkId="0"/>
    <open-files xmlns="http://www.netbeans.org/ns/projectui-open-files/2">
        <group>
            <file>file:/C:/Users/arceredillo.adrian/Documents/DAM_1/EBAL_1/Programazioa/UD2_Objetuetara_Orientatuko_Programazioa/2021-11-19Hasierakoa/src/exekutagarriak/ProgramaNagusia.java</file>
            <file>file:/C:/Users/arceredillo.adrian/Documents/DAM_1/EBAL_1/Programazioa/UD2_Objetuetara_Orientatuko_Programazioa/2021-11-19Hasierakoa/src/model/Liburua.java</file>
        </group>
    </open-files>
</project-private>
